ID,Score,Scaled Score
Np-0.0,0.0,50.0
Np-1.0,1.0,51.0
Np-2.0,2.0,51.41421356237309
Np-3.0,3.0,51.732050807568875
Np-4.0,4.0,52.0
Np-5.0,5.0,52.236067977499786
Np-6.0,6.0,52.44948974278318
Np-7.0,7.0,52.64575131106459
Np-8.0,8.0,52.82842712474619
Np-9.0,9.0,53.0
Np-10.0,10.0,53.16227766016838
Np-11.0,11.0,53.3166247903554
